variant	chromosome	position_GRCh37	ref	alt	glucose_beta	glucose_se	pyruvate_beta	pyruvate_se	HbA1c_beta	HbA1c_se	Hb_beta	Hb_se	Ht_beta	Ht_se	T2D_beta	T2D_se	T2D_beta_finngen	T2D_se_finngen	His_beta	His_se	VitD_beta	VitD_se	RBC_beta	RBC_se	gene_name	gene_missense
chr2_168906752_C_T	2	169763262	C	T	-0.154783	0.0263284	0.00854823	0.0262822	-0.16713	0.020673	0.0022102	0.017011	0.0014895	0.017574	0.00070821	0.11197	0.0273748	0.0320186	0.0263468	0.0261728	-0.041803	0.022732	0.015108	0.017831	G6PC2	G6PC2: chr2_168906752_C_T
chr6_7231610_G_A	6	7231843	G	A	-0.0263641	0.00457332	0.00371701	0.00456504	-0.025401	0.0035186	-0.015068	0.0028798	-0.01234	0.0029803	-0.12805	0.019158	-0.0889153	0.0109783	0.00633451	0.00454774	0.017544	0.00388	-0.010489	0.0030051	RREB1	RREB1: chr6_7231610_G_A
chr6_39079018_G_A	6	39046794	G	A	-0.081978	0.0112998	0.0018175	0.0112793	-0.060071	0.0087951	-0.0069655	0.0071861	-0.0043325	0.0074369	-0.17209	0.047778	-0.127268	0.0296595	0.000421294	0.0112366	-0.0061269	0.0096799	0.0031656	0.0074988	GLP1R	GLP1R: chr6_39079018_G_A
chr11_73234296_C_T	11	72945341	C	T	-0.0358601	0.00550529	0.0226723	0.00549444	0.012852	0.0042486	-0.0042808	0.0034918	-0.00351	0.0036069	-0.0023523	0.023003	-0.00878138	0.0129879	0.00877469	0.00547345	-0.00048752	0.0046564	-0.0065154	0.0036659	P2RY2	P2RY2: chr11_73234296_C_T
chr16_88715642_G_A	16	88782050	G	A	-0.085539	0.0148886	-0.00756857	0.0148627	-0.22107	0.011422	0.078699	0.0093842	0.061506	0.0096986	0.029869	0.06159	-0.010249	0.104618	-0.0228233	0.0148052	-0.01317	0.012529	0.059879	0.0098545	PIEZO1	PIEZO1: chr16_88715642_G_A
chr2_27508073_T_C	2	27730940	T	C	0.015216	0.00290825	-0.0315622	0.00290315	0.025176	0.0022264	0.013726	0.0018312	0.0163	0.0018919	0.072113	0.012085	0.0564893	0.00718201	0.0360316	0.00289107	0.020752	0.0024604	0.0093558	0.0019195	GCKR	GCKR: chr2_27508073_T_C
chr1_155291845_C_T	1	155261636	C	T	-0.0386228	0.0416749	-0.286083	0.041601	0.05809	0.032111	-0.16197	0.0264	-0.16813	0.027281	0.12966	0.17866			0.049688	0.0414418	0.01473	0.035494	-0.15088	0.027665	PKLR	PKLR: chr1_155291845_C_T
chr1_155291918_G_A	1	155261709	G	A	0.0426303	0.0281681	-0.447951	0.0281182	0.063568	0.021076	-0.12216	0.017227	-0.11577	0.017802	0.022905	0.11439	-0.0693134	0.0434766	-0.0420469	0.0280106	0.032361	0.023205	-0.10287	0.018052	PKLR	PKLR: chr1_155291918_G_A
chr9_137205865_C_G	9	140100317	C	G	-0.00190016	0.00421785	-0.0263901	0.00421042	-0.041802	0.0032526	0.004979	0.0026679	0.00074157	0.0027565	0.024165	0.017585	-0.00749881	0.0111741	0.000666649	0.00419375	-0.0063466	0.0035782	-0.019609	0.0028019	NDOR1	NDOR1: chr9_137205865_C_G
chr11_10487356_G_T	11	10508903	G	T	-0.0132686	0.0148909	0.0918264	0.0148615	0.12532	0.01141	-0.06726	0.0093825	-0.059228	0.0096916	-0.017734	0.061691	0.0523654	0.0335985	0.00793667	0.0148047	-0.015984	0.012514	-0.051352	0.0098501	AMPD3	AMPD3: chr11_10487356_G_T
chr12_48118502_C_A	12	48512285	C	A	0.000573042	0.00363918	-0.122501	0.00363329	0.077919	0.0028049	-0.035829	0.0023019	-0.038296	0.0023784	0.02081	0.015173	0.0106649	0.00934116	0.00215716	0.00363328	0.0034651	0.0030847	-0.027256	0.0024181	PFKM	PFKM: chr12_48118502_C_A
chr21_44326728_C_T	21	45746611	C	T	-0.0868579	0.032028	-0.250639	0.0319716	0.12324	0.024849	-0.054857	0.02044	-0.07537	0.021113	-0.035867	0.1343	-0.0754365	0.279448	-0.00257565	0.0318493	0.0029976	0.027281	-0.044894	0.021506	PFKL	PFKL: chr21_44326728_C_T
chrX_24503382_A_G	X	24521499	A	G	0.00590673	0.0229156	-0.24322	0.0228752	-0.015593	0.017693	0.012067	0.014441	0.012463	0.014929	-0.06807	0.089847	-0.073515	0.0615144	0.00223143	0.0227875	0.0025727	0.019458	0.0087182	0.015207	PDK3	PDK3: chrX_24503382_A_G
chr2_210675783_C_A	2	211540507	C	A	0.00367844	0.00305332	-0.0123602	0.00304797	-0.01211	0.0023415	0.0025934	0.0019256	0.0018798	0.0019894	0.0028454	0.01273	-0.00613229	0.00732286	-0.0673041	0.00303528	-0.014183	0.0025856	-0.0098817	0.0020184	CPS1	CPS1: chr2_210675783_C_A
chr3_149199783_G_A	3	148917570	G	A	0.00176185	0.0203922	0.00207062	0.0203542	0.013424	0.016031	-0.0079238	0.013126	-0.0075667	0.013565	0.060583	0.086714	0.137533	0.0869539	0.217474	0.0202761	-0.0055733	0.017536	-0.0052349	0.01377	CP	CP: chr3_149199783_G_A
chr5_1212338_G_A	5	1212453	G	A	0.0184136	0.0211645	0.0309155	0.0211272	0.034325	0.01639	-0.067059	0.013397	-0.059937	0.01384	0.039985	0.087311			-0.146508	0.0210458	-0.0082069	0.017983	-0.076695	0.014062	SLC6A19	SLC6A19: chr5_1212338_G_A
chr8_76983431_A_G	8	77895667	A	G	0.00440607	0.0129466	0.00667686	0.0129228	-0.010936	0.010009	0.00050686	0.0082081	-0.0032368	0.00848	-0.038035	0.054464	-0.0734456	0.0718283	-0.079451	0.0128728	0.0041904	0.011017	0.0047649	0.0086232	PEX2	PEX2: chr8_76983431_A_G
chr8_144414342_T_C	8	145639726	T	C	0.00317825	0.00287497	-0.00118289	0.0028697	0.00043288	0.0022164	0.0031478	0.0018218	0.00045012	0.0018822	0.014191	0.011979	0.0210578	0.00713502	0.0284365	0.00285861	0.0034668	0.0024386	0.00032189	0.001914	SLC39A4	SLC39A4: chr8_144414342_T_C
chr12_95977953_C_T	12	96371731	C	T	-0.0104504	0.0177299	-0.0234969	0.0177012	0.0051133	0.013728	-0.025896	0.011222	-0.026246	0.011595	0.059736	0.074223	0.422223	0.24575	0.826808	0.0177012	0.12841	0.015054	-0.01024	0.011788	HAL	HAL: chr12_95977953_C_T
chr12_95986106_C_T	12	96379884	C	T	-0.0297474	0.0203619	-0.0218604	0.0203289	-0.019056	0.015681	-0.023025	0.012859	-0.026117	0.013287	-0.13789	0.084814	0.0271778	0.114316	0.492375	0.0203289	0.10174	0.017242	-0.0053598	0.013508	HAL	HAL: chr12_95986106_C_T
chr12_95994812_G_A	12	96388590	G	A	0.00124774	0.0350641	0.00581461	0.0350074	0.01819	0.027549	-0.013855	0.022638	-0.023039	0.023391	-0.088943	0.14711			0.664133	0.0350073	-0.022205	0.030299	-0.048918	0.023781	HAL	HAL: chr12_95994812_G_A
chr14_94382864_C_T	14	94849201	C	T	-0.000865786	0.00392171	0.000765819	0.00391486	-0.0017865	0.0030313	0.0029432	0.0024884	0.0041261	0.0025705	0.010206	0.016333	0.0150655	0.0102235	0.0351914	0.00389988	-0.00023417	0.0033252	0.0026542	0.0026148	SERPINA1	SERPINA1: chr14_94382864_C_T
